<?xml version="1.0"?>
<?xml-stylesheet type="text/xsl" href="configuration.xsl"?>
<!--
/**
 *
 * Licensed to the Apache Software Foundation (ASF) under one
 * or more contributor license agreements.  See the NOTICE file
 * distributed with this work for additional information
 * regarding copyright ownership.  The ASF licenses this file
 * to you under the Apache License, Version 2.0 (the
 * "License"); you may not use this file except in compliance
 * with the License.  You may obtain a copy of the License at
 *
 *     http://www.apache.org/licenses/LICENSE-2.0
 *
 * Unless required by applicable law or agreed to in writing, software
 * distributed under the License is distributed on an "AS IS" BASIS,
 * WITHOUT WARRANTIES OR CONDITIONS OF ANY KIND, either express or implied.
 * See the License for the specific language governing permissions and
 * limitations under the License.
 */
-->
<configuration>

	<property>
		<name>hbase.cluster.distributed</name>
		<value>true</value>
	</property>
	<property>
		<name>hbase.rootdir</name>
		<value>hdfs://localhost:9000/hbase</value>
	</property>

   <property>
      <name>hbase.zookeeper.quorum</name>
      <value>localhost</value>
      <description>Comma separated list of servers in the ZooKeeper Quorum.
					For example, "host1.mydomain.com,host2.mydomain.com,host3.mydomain.com".
					By default this is set to localhost for local and pseudo-distributed modes
					of operation. For a fully-distributed setup, this should be set to a full
					list of ZooKeeper quorum servers. If HBASE_MANAGES_ZK is set in hbase-env.sh
					this is the list of servers which we will start/stop ZooKeeper on.
      </description>
    </property>
	<property>
		<name>hbase.zookeeper.property.dataDir</name>
		<value>/app/bigdata/zookeeper</value>
	</property>
	
	<property>
		<name>hbase.unsafe.stream.capability.enforce</name>
		<value>false</value>
		<description>
			Controls whether HBase will check for stream capabilities (hflush/hsync).
			Disable this if you intend to run on LocalFileSystem, denoted by a rootdir
			with the 'file://' scheme, but be mindful of the NOTE below.

			WARNING: Setting this to false blinds you to potential data loss and
			inconsistent system state in the event of process and/or node failures. If
			HBase is complaining of an inability to use hsync or hflush it's most
			likely not a false positive.
		</description>
	</property>
</configuration>
